{"options":{"check_for_updates":true,"comment":null,"compat_foreach":false,"compat_metadata":false,"compat_powerful_this":null,"compat_wrappedjsobject":false,"compatopts_for_requires":true,"noframes":null,"override":{"merge_connects":true,"merge_excludes":true,"merge_includes":true,"merge_matches":true,"orig_connects":["raw.githubusercontent.com","github.com","cn.bing.com","www.bing.com","translate.google.cn","translate.google.com","localhost","*"],"orig_excludes":["*://api.bilibili.com/*","*://api.*.bilibili.com/*","*://*.bilibili.com/api/*","*://member.bilibili.com/studio/bs-editor/*","*://t.bilibili.com/h5/dynamic/specification","*://bbq.bilibili.com/*","*://message.bilibili.com/pages/nav/header_sync","*://s1.hdslb.com/bfs/seed/jinkela/short/cols/iframe.html","*://open-live.bilibili.com/*"],"orig_includes":[],"orig_matches":["*://*.bilibili.com/*"],"orig_noframes":null,"orig_run_at":"document-start","use_blockers":[],"use_connects":["127.0.0.1"],"use_excludes":[],"use_includes":[],"use_matches":[]},"run_at":null,"sandbox":null,"tab_types":null,"unwrap":null},"settings":{"enabled":true,"position":14},"meta":{"name":"Bilibili Evolved (Preview)","uuid":"871ec507-3e3c-44c6-9853-bde20a63d9cf","modified":1691651516280,"file_url":"https://raw.githubusercontent.com/the1812/Bilibili-Evolved/preview/dist/bilibili-evolved.preview.user.js"}}