{"ts":1692621705111,"data":{"__monkeyMsgBroadcast__":"o{\"data\": {},\"tabId\": 5643,\"title\": \"【中日歌词/完整版】TV动画『别当欧尼酱了！』OP & ED【雪莉娜字幕组𝟒𝐊】_哔哩哔哩_bilibili\",\"referrer\": {\"ancestorOrigins\": {\"length\": 0},\"href\": \"https://www.bilibili.com/video/BV1M84y1a7dX/\",\"origin\": \"https://www.bilibili.com\",\"protocol\": \"https:\",\"host\": \"www.bilibili.com\",\"hostname\": \"www.bilibili.com\",\"port\": \"\",\"pathname\": \"/video/BV1M84y1a7dX/\",\"search\": \"\",\"hash\": \"\"},\"updateTime\": 1692621705111}","_global_id_":"n5643","_h5player_enhance_unfoldMenu":"btrue","_h5player_media_playbackRate":"n1","globalKeydownEvent":"o{\"data\": {\"isTrusted\": true,\"key\": \" \",\"code\": \"Space\",\"location\": 0,\"ctrlKey\": false,\"shiftKey\": false,\"altKey\": false,\"metaKey\": false,\"repeat\": false,\"isComposing\": false,\"charCode\": 0,\"keyCode\": 32,\"DOM_KEY_LOCATION_STANDARD\": 0,\"DOM_KEY_LOCATION_LEFT\": 1,\"DOM_KEY_LOCATION_RIGHT\": 2,\"DOM_KEY_LOCATION_NUMPAD\": 3,\"detail\": 0,\"which\": 32,\"type\": \"keydown\",\"eventPhase\": 1,\"bubbles\": true,\"cancelable\": true,\"defaultPrevented\": false,\"composed\": true,\"timeStamp\": 52402.09999999963,\"returnValue\": true,\"cancelBubble\": false,\"NONE\": 0,\"CAPTURING_PHASE\": 1,\"AT_TARGET\": 2,\"BUBBLING_PHASE\": 3},\"tabId\": 5642,\"title\": \"【无尽循环】非互动版，片段合集_哔哩哔哩_bilibili\",\"referrer\": {\"ancestorOrigins\": {\"length\": 0},\"href\": \"https://www.bilibili.com/video/BV1PQ4y1K7gR/?t=444\",\"origin\": \"https://www.bilibili.com\",\"protocol\": \"https:\",\"host\": \"www.bilibili.com\",\"hostname\": \"www.bilibili.com\",\"port\": \"\",\"pathname\": \"/video/BV1PQ4y1K7gR/\",\"search\": \"?t=444\",\"hash\": \"\"},\"updateTime\": 1692529382120}","videoDetected":"o{\"data\": {\"src\": \"\"},\"tabId\": 5327,\"title\": \"Modify Header Value - Browser Extension Review - YouTube\",\"referrer\": {\"ancestorOrigins\": {\"0\": \"https://mybrowseraddon.com\",\"length\": 1},\"href\": \"https://www.youtube.com/embed/KM4uKx-BjIg\",\"origin\": \"https://www.youtube.com\",\"protocol\": \"https:\",\"host\": \"www.youtube.com\",\"hostname\": \"www.youtube.com\",\"port\": \"\",\"pathname\": \"/embed/KM4uKx-BjIg\",\"search\": \"\",\"hash\": \"\"},\"updateTime\": 1692022639403}"}}