{"options":{"check_for_updates":true,"comment":null,"compat_foreach":false,"compat_metadata":false,"compat_powerful_this":null,"compat_wrappedjsobject":false,"compatopts_for_requires":true,"noframes":null,"override":{"merge_connects":true,"merge_excludes":true,"merge_includes":true,"merge_matches":true,"orig_connects":[],"orig_excludes":[],"orig_includes":[],"orig_matches":["*://*.kuwo.cn/*","*://y.qq.com/*","*://music.163.com/*","*://music.migu.cn/*"],"orig_noframes":true,"orig_run_at":"document-start","use_blockers":[],"use_connects":[],"use_excludes":[],"use_includes":[],"use_matches":[]},"run_at":null,"sandbox":null,"tab_types":null,"unwrap":null},"settings":{"enabled":false,"position":7},"meta":{"name":"lx-msuic 辅助脚本","uuid":"4be222e7-8e2b-4f68-b24c-7552aee855f3","modified":1691416484389,"file_url":"https://greasyfork.org/scripts/438148-lx-msuic-%E8%BE%85%E5%8A%A9%E8%84%9A%E6%9C%AC/code/lx-msuic%20%E8%BE%85%E5%8A%A9%E8%84%9A%E6%9C%AC.user.js"}}