{"options":{"check_for_updates":true,"comment":null,"compat_foreach":false,"compat_metadata":false,"compat_powerful_this":null,"compat_wrappedjsobject":false,"compatopts_for_requires":true,"noframes":null,"override":{"merge_connects":true,"merge_excludes":true,"merge_includes":true,"merge_matches":true,"orig_connects":[],"orig_excludes":[],"orig_includes":[],"orig_matches":["https://*.bilibili.com/*"],"orig_noframes":null,"orig_run_at":"document-body","use_blockers":[],"use_connects":[],"use_excludes":[],"use_includes":[],"use_matches":[]},"run_at":null,"sandbox":null,"tab_types":null,"unwrap":null},"settings":{"enabled":true,"position":19},"meta":{"name":"Make BiliBili Great Again","uuid":"63d9c8cf-0fe1-45ff-867b-aecce799daf6","modified":1691663734701,"file_url":"https://greasyfork.org/scripts/415714-make-bilibili-great-again/code/Make%20BiliBili%20Great%20Again.user.js"}}