{"autoReload":true,"configMode":100,"downloads_extension_whitelist":["/^[^\\.]*$/","/\\.(mp[34a]|m4[ab]|m3u|wma|wav|aac|og[ag]|cda|flac)$/","/\\.(avi|mkv|flv|divx|mpe?g|webm)$/","/\\.(ico|gif|png|jpe?g|webp)/","/\\.(srt|sub|idx)$/",".txt",".iso",".zip","/\\.r(ar|[0-9]{2,2})$/"],"downloads_mode":"chrome","external_update_interval":86400000,"forbiddenPages":["*example.org/*","*paypal.tld/*","*stripe.com/*","https://*deutsche-bank-24.tld/*","https://*bankofamerica.tld/*","/^.*:\\/\\/apis\\.google\\.com\\/((?!render)([^\\/]+)\\/)+([^\\/]+)?$/","*://www.facebook.com/plugins/*","*://platform.twitter.com/widgets/*","/^[^:/#?]*:\\/\\/([^#?/]*\\.)?codesandbox\\.io(:[0-9]{1,5})?\\/.*$/","/^[^:/#?]*:\\/\\/([^#?/]*\\.)?codesandbox\\.io(:[0-9]{1,5})?\\/.*$/","/^[^:/#?]*:\\/\\/([^#?/]*\\.)?codesandbox\\.io(:[0-9]{1,5})?\\/.*$/"],"i18n":"zh_CN","runtime_inject_mode":"instant","scriptUpdateCheckDisabled":true,"scriptUpdateCheckPeriod":21600000,"script_blacklist_server":[{"rules":["/https?:\\/\\/userscripts\\.org\\/scripts\\/(source|version)/(102614).*\\.user\\.js/"],"severity":2},{"name":"SaveFrom.net helper","reason":"Shows advertisements","rules":["/https?:\\/\\/sf-addon\\.com\\/.*\\/.*\\.user\\.js/","/https?:\\/\\/.*\\.sf-helper\\.com\\/.*\\.user\\.js/"],"severity":3},{"reasons":{"en":"Used for a phishing compain to compromise users of baon-nutrition.com"},"rules":["/https?:\\/\\/files\\.ulysse\\.travel\\/.*\\.user\\.js/"],"severity":8}],"trash_mode":"session"}