{"options":{"check_for_updates":true,"comment":null,"compat_foreach":false,"compat_metadata":false,"compat_powerful_this":null,"compat_wrappedjsobject":false,"compatopts_for_requires":true,"noframes":null,"override":{"merge_connects":true,"merge_excludes":true,"merge_includes":true,"merge_matches":true,"orig_connects":[],"orig_excludes":[],"orig_includes":[],"orig_matches":["https://*.xueanquan.com/*SeeVideo*"],"orig_noframes":null,"orig_run_at":"document-idle","use_blockers":[],"use_connects":[],"use_excludes":[],"use_includes":[],"use_matches":[]},"run_at":null,"sandbox":null,"tab_types":null,"unwrap":null},"settings":{"enabled":false,"position":2},"meta":{"name":"安全教育平台自动完成","uuid":"280208e0-8cfa-41e2-abee-e20d08d97822","modified":1683099841340,"file_url":"https://greasyfork.org/scripts/370913-%E5%AE%89%E5%85%A8%E6%95%99%E8%82%B2%E5%B9%B3%E5%8F%B0%E8%87%AA%E5%8A%A8%E5%AE%8C%E6%88%90/code/%E5%AE%89%E5%85%A8%E6%95%99%E8%82%B2%E5%B9%B3%E5%8F%B0%E8%87%AA%E5%8A%A8%E5%AE%8C%E6%88%90.user.js"}}