{"options":{"check_for_updates":true,"comment":null,"compat_foreach":false,"compat_metadata":false,"compat_powerful_this":null,"compat_wrappedjsobject":false,"compatopts_for_requires":true,"noframes":null,"override":{"merge_connects":true,"merge_excludes":true,"merge_includes":true,"merge_matches":true,"orig_connects":[],"orig_excludes":[],"orig_includes":[],"orig_matches":["*://*.xueanquan.com/*"],"orig_noframes":true,"orig_run_at":"document-idle","use_blockers":[],"use_connects":[],"use_excludes":[],"use_includes":[],"use_matches":[]},"run_at":null,"sandbox":null,"tab_types":null,"unwrap":null},"settings":{"enabled":true,"position":1},"meta":{"name":"安全教育平台自动答题","uuid":"fd6fdaea-fc6b-42be-8be0-593d7c32e598","modified":1683099841335,"file_url":"https://greasyfork.org/scripts/372426-%E5%AE%89%E5%85%A8%E6%95%99%E8%82%B2%E5%B9%B3%E5%8F%B0%E8%87%AA%E5%8A%A8%E7%AD%94%E9%A2%98/code/%E5%AE%89%E5%85%A8%E6%95%99%E8%82%B2%E5%B9%B3%E5%8F%B0%E8%87%AA%E5%8A%A8%E7%AD%94%E9%A2%98.user.js"}}