{"ts":1683099843791,"data":{"menu_backToTop":"btrue","menu_blockKeywords":"btrue","menu_blockType":"s","menu_blockTypeArticle":"bfalse","menu_blockTypeLiveHot":"btrue","menu_blockTypeSearch":"bfalse","menu_blockTypeTopic":"bfalse","menu_blockTypeVideo":"btrue","menu_blockUsers":"btrue","menu_blockYanXuan":"bfalse","menu_cleanSearch":"bfalse","menu_cleanTitles":"bfalse","menu_collapsedAnswer":"btrue","menu_collapsedNowAnswer":"btrue","menu_customBlockKeywords":"o[]","menu_customBlockUsers":"o[\"æäºæ¡£æ¡å±\",\"çéæ¨è\",\"çéç§æ®\",\"çéæé¿è®¡å\",\"ç¥ä¹çéä¼å\",\"ç¥ä¹çéåä½è\",\"çéå¿ç\",\"çéå¥åº·å¿ä¿®è¯¾\",\"çéå¥å¦ç©è¯­\",\"çéçæ´»é¦\",\"çéèåº\",\"çéæå­¦çé\",\"çéä½èå°ç®¡å®¶\",\"çéåç©é¦\",\"çéç¹é\",\"çéæµè¯å®¤\",\"çéç§æåæ²¿\",\"çéä¼åç²¾å\"]","menu_defaultCollapsedAnswer":"btrue","menu_publishTop":"btrue","menu_questionRichTextMore":"bfalse","menu_toQuestion":"btrue","menu_typeTips":"btrue"}}