{"options":{"check_for_updates":true,"comment":null,"compat_foreach":false,"compat_metadata":false,"compat_powerful_this":null,"compat_wrappedjsobject":false,"compatopts_for_requires":true,"noframes":null,"override":{"merge_connects":true,"merge_excludes":true,"merge_includes":true,"merge_matches":true,"orig_connects":[],"orig_excludes":["https://www.zhihu.com/signin*"],"orig_includes":[],"orig_matches":["*://www.zhihu.com/*","*://zhuanlan.zhihu.com/*"],"orig_noframes":null,"orig_run_at":"document-end","use_blockers":[],"use_connects":[],"use_excludes":[],"use_includes":[],"use_matches":[]},"run_at":null,"sandbox":"JavaScript","tab_types":null,"unwrap":null},"settings":{"enabled":true,"position":6},"meta":{"name":"知乎增强","uuid":"74b092fb-e2dc-499b-b676-336fc0379d5b","modified":1692257551473,"file_url":"https://greasyfork.org/scripts/419081-%E7%9F%A5%E4%B9%8E%E5%A2%9E%E5%BC%BA/code/%E7%9F%A5%E4%B9%8E%E5%A2%9E%E5%BC%BA.user.js"}}