{"ts":1692614359231,"data":{"$check":"o{\"baidu#5HWGjk53UKxmRm-lUQc1Yw\": {\"share_id\": \"5HWGjk53UKxmRm-lUQc1Yw\",\"share_source\": \"baidu\",\"check_state\": 2,\"check_time\": 1691657949078},\"baidu#8sOX1sjuNqgAt4bl8Yx0NQ\": {\"share_id\": \"8sOX1sjuNqgAt4bl8Yx0NQ\",\"share_source\": \"baidu\",\"check_state\": 2,\"check_time\": 1689134530724},\"baidu#Ny7c2lex8bYt19GqJs61pA\": {\"share_id\": \"Ny7c2lex8bYt19GqJs61pA\",\"share_source\": \"baidu\",\"check_state\": 2,\"check_time\": 1675161026968},\"ty189#NJbqauriQnmi\": {\"share_id\": \"NJbqauriQnmi\",\"share_source\": \"ty189\",\"check_state\": 1,\"check_time\": 1675161040090},\"baidu#EQId4catrKNtD5RUEs86EQ\": {\"share_id\": \"EQId4catrKNtD5RUEs86EQ\",\"share_source\": \"baidu\",\"check_state\": 2,\"check_time\": 1675161040653},\"baidu#dqO0SPWpYk3KFyZCybc\": {\"share_id\": \"dqO0SPWpYk3KFyZCybc\",\"share_source\": \"baidu\",\"check_state\": -1,\"check_time\": 1676091657466},\"baidu#mbEotyQvfHfi27jghfrjHA\": {\"share_id\": \"mbEotyQvfHfi27jghfrjHA\",\"share_source\": \"baidu\",\"check_state\": -1,\"check_time\": 1676091657635},\"baidu#TQDlzkXuym9U64-_g207kQ\": {\"share_id\": \"TQDlzkXuym9U64-_g207kQ\",\"share_source\": \"baidu\",\"check_state\": 2,\"check_time\": 1676210874095},\"baidu#TQDlzkXuym9U\": {\"share_id\": \"TQDlzkXuym9U\",\"share_source\": \"baidu\",\"check_state\": -1,\"check_time\": 1676210870419},\"baidu#PIBb_\": {\"share_id\": \"PIBb_\",\"share_source\": \"baidu\",\"check_state\": -1,\"check_time\": 1676210447680},\"baidu#VE-R7TGrMQ_c4rfoNo6Npg\": {\"share_id\": \"VE-R7TGrMQ_c4rfoNo6Npg\",\"share_source\": \"baidu\",\"check_state\": 2,\"check_time\": 1679783516288},\"baidu#EL3qypuO6p7swrRzZ4YvmQ\": {\"share_id\": \"EL3qypuO6p7swrRzZ4YvmQ\",\"share_source\": \"baidu\",\"check_state\": 2,\"check_time\": 1680109717933},\"baidu#_zeYlUc7tLfPGILTvgOCSQ\": {\"share_id\": \"_zeYlUc7tLfPGILTvgOCSQ\",\"share_source\": \"baidu\",\"check_state\": -1,\"check_time\": 1683026433009},\"baidu#A0WAh1NuwleoudqFVMhm8A\": {\"share_id\": \"A0WAh1NuwleoudqFVMhm8A\",\"share_source\": \"baidu\",\"check_state\": 2,\"check_time\": 1684654717190},\"baidu#IKjH9qUlAyY4_7mCXq357A\": {\"share_id\": \"IKjH9qUlAyY4_7mCXq357A\",\"share_source\": \"baidu\",\"check_state\": 1,\"check_time\": 1685274154691},\"baidu#vaLHIR8GaqaJ1AsqKrTjOQ\": {\"share_id\": \"vaLHIR8GaqaJ1AsqKrTjOQ\",\"share_source\": \"baidu\",\"check_state\": 1,\"check_time\": 1685374587850},\"baidu#ukHAt4ncBgGMuoNOs6ZIZA\": {\"share_id\": \"ukHAt4ncBgGMuoNOs6ZIZA\",\"share_source\": \"baidu\",\"check_state\": 2,\"check_time\": 1685452861996},\"baidu#5PMt7s-ASpyDwtS__4cUhg\": {\"share_id\": \"5PMt7s-ASpyDwtS__4cUhg\",\"share_source\": \"baidu\",\"check_state\": 2,\"check_time\": 1685537270891},\"baidu#jHbUa4A\": {\"share_id\": \"jHbUa4A\",\"share_source\": \"baidu\",\"check_state\": 1,\"check_time\": 1685539640741},\"baidu#kUYARB5\": {\"share_id\": \"kUYARB5\",\"share_source\": \"baidu\",\"check_state\": 1,\"check_time\": 1685541133107},\"baidu#HLNH4uL1fyOb0NdmPDiKww\": {\"share_id\": \"HLNH4uL1fyOb0NdmPDiKww\",\"share_source\": \"baidu\",\"check_state\": 1,\"check_time\": 1686478982738},\"baidu#mqt_7PGNSSCgyljx3lq6tQ\": {\"share_id\": \"mqt_7PGNSSCgyljx3lq6tQ\",\"share_source\": \"baidu\",\"check_state\": 2,\"check_time\": 1685797928616},\"baidu#9pIZ5tQQTRHzIVMY9IaVOw\": {\"share_id\": \"9pIZ5tQQTRHzIVMY9IaVOw\",\"share_source\": \"baidu\",\"check_state\": 2,\"check_time\": 1688813663988},\"baidu#kwo2xISY7loc9EwAIg6z3A\": {\"share_id\": \"kwo2xISY7loc9EwAIg6z3A\",\"share_source\": \"baidu\",\"check_state\": 2,\"check_time\": 1686143581106},\"baidu#EsmnsKJLqSQbeRbvt1b7QQ\": {\"share_id\": \"EsmnsKJLqSQbeRbvt1b7QQ\",\"share_source\": \"baidu\",\"check_state\": 2,\"check_time\": 1686143583097},\"baidu#aX5Hi2Xr5wOaU-L-LRMqSg\": {\"share_id\": \"aX5Hi2Xr5wOaU-L-LRMqSg\",\"share_source\": \"baidu\",\"check_state\": 2,\"check_time\": 1686143584241},\"baidu#XeYwxICuYdupYzB2yVSPQw\": {\"share_id\": \"XeYwxICuYdupYzB2yVSPQw\",\"share_source\": \"baidu\",\"check_state\": 2,\"check_time\": 1686143590093},\"baidu#uSKaVK6Dq-EF47ed0aGdoQ\": {\"share_id\": \"uSKaVK6Dq-EF47ed0aGdoQ\",\"share_source\": \"baidu\",\"check_state\": 2,\"check_time\": 1686143606775},\"baidu#HLNH4u\": {\"share_id\": \"HLNH4u\",\"share_source\": \"baidu\",\"check_state\": -1,\"check_time\": 1686231843265},\"baidu#ICy6Vtw-DhinxBewSC7XUw\": {\"share_id\": \"ICy6Vtw-DhinxBewSC7XUw\",\"share_source\": \"baidu\",\"check_state\": 2,\"check_time\": 1686231861176},\"baidu#TN5uDJz4val8nlW67sLK8A\": {\"share_id\": \"TN5uDJz4val8nlW67sLK8A\",\"share_source\": \"baidu\",\"check_state\": 2,\"check_time\": 1686663273569},\"baidu#oGO8BaTw9Q3kGqjiPEA_Cw\": {\"share_id\": \"oGO8BaTw9Q3kGqjiPEA_Cw\",\"share_source\": \"baidu\",\"check_state\": 2,\"check_time\": 1686663413961},\"baidu#cjQ62YxMuwae1sNebEDdlg\": {\"share_id\": \"cjQ62YxMuwae1sNebEDdlg\",\"share_source\": \"baidu\",\"check_state\": 2,\"check_time\": 1686663428868},\"baidu#nv5frlB\": {\"share_id\": \"nv5frlB\",\"share_source\": \"baidu\",\"check_state\": 1,\"check_time\": 1686920040744},\"baidu#bqaAl3n6yjgL2h8TWtdoBQ\": {\"share_id\": \"bqaAl3n6yjgL2h8TWtdoBQ\",\"share_source\": \"baidu\",\"check_state\": 2,\"check_time\": 1686979463957},\"baidu#eSidwfo\": {\"share_id\": \"eSidwfo\",\"share_source\": \"baidu\",\"check_state\": 1,\"check_time\": 1686983482106},\"baidu#2ulIQ\": {\"share_id\": \"2ulIQ\",\"share_source\": \"baidu\",\"check_state\": 1,\"check_time\": 1686983477067},\"baidu#kUm8z5d\": {\"share_id\": \"kUm8z5d\",\"share_source\": \"baidu\",\"check_state\": 1,\"check_time\": 1686983477083},\"baidu#bU6lAY\": {\"share_id\": \"bU6lAY\",\"share_source\": \"baidu\",\"check_state\": 1,\"check_time\": 1686983477113},\"baidu#bLH7IY\": {\"share_id\": \"bLH7IY\",\"share_source\": \"baidu\",\"check_state\": 1,\"check_time\": 1686983477231},\"baidu#hqZM6gs\": {\"share_id\": \"hqZM6gs\",\"share_source\": \"baidu\",\"check_state\": 1,\"check_time\": 1686983477311},\"baidu#i5jlcED\": {\"share_id\": \"i5jlcED\",\"share_source\": \"baidu\",\"check_state\": 1,\"check_time\": 1686983477447},\"baidu#SS0NslVz3dKarbyXLremY\": {\"share_id\": \"SS0NslVz3dKarbyXLremY\",\"share_source\": \"baidu\",\"check_state\": -1,\"check_time\": 1686983484420},\"baidu#hS4myQrPVMKLyr8xIJvxJ\": {\"share_id\": \"hS4myQrPVMKLyr8xIJvxJ\",\"share_source\": \"baidu\",\"check_state\": -1,\"check_time\": 1686983484567},\"baidu#bo2v0lD\": {\"share_id\": \"bo2v0lD\",\"share_source\": \"baidu\",\"check_state\": 1,\"check_time\": 1686983486568},\"baidu#ruBAQDdhMsaADsxze8lau\": {\"share_id\": \"ruBAQDdhMsaADsxze8lau\",\"share_source\": \"baidu\",\"check_state\": -1,\"check_time\": 1686983486584},\"baidu#ruBAQDdhMsaADsxze8lauA\": {\"share_id\": \"ruBAQDdhMsaADsxze8lauA\",\"share_source\": \"baidu\",\"check_state\": 1,\"check_time\": 1686983497026},\"baidu#xEqxlMBi1m9o-XS8KsLjuA\": {\"share_id\": \"xEqxlMBi1m9o-XS8KsLjuA\",\"share_source\": \"baidu\",\"check_state\": 1,\"check_time\": 1686983735091},\"baidu#6vRDEt-dukDS4C4Q7OuzMw2\": {\"share_id\": \"6vRDEt-dukDS4C4Q7OuzMw2\",\"share_source\": \"baidu\",\"check_state\": -1,\"check_time\": 1686983810656},\"baidu#dD6DlhZ\": {\"share_id\": \"dD6DlhZ\",\"share_source\": \"baidu\",\"check_state\": 1,\"check_time\": 1686985091136},\"baidu#t7fncSAnldGbDka2a5IVzQ\": {\"share_id\": \"t7fncSAnldGbDka2a5IVzQ\",\"share_source\": \"baidu\",\"check_state\": 2,\"check_time\": 1686986845592},\"baidu#wzSlueNjLKC-VkHKA5gyCg\": {\"share_id\": \"wzSlueNjLKC-VkHKA5gyCg\",\"share_source\": \"baidu\",\"check_state\": 2,\"check_time\": 1687009702163},\"baidu#AFL16MKHoAa3wSJvLz6xBA\": {\"share_id\": \"AFL16MKHoAa3wSJvLz6xBA\",\"share_source\": \"baidu\",\"check_state\": 2,\"check_time\": 1688117909150},\"baidu#l2HZYNVzk2XwIRuhIUUMvw\": {\"share_id\": \"l2HZYNVzk2XwIRuhIUUMvw\",\"share_source\": \"baidu\",\"check_state\": 2,\"check_time\": 1688118132294},\"weiyun#CDuCJDY5\": {\"share_id\": \"CDuCJDY5\",\"share_source\": \"weiyun\",\"check_state\": 1,\"check_time\": 1688189694219},\"baidu#gm2EyKt4152mMEXft6vQFg\": {\"share_id\": \"gm2EyKt4152mMEXft6vQFg\",\"share_source\": \"baidu\",\"check_state\": 2,\"check_time\": 1688652099111},\"baidu#0STbW4gLho7lDEYsGY5f0g\": {\"share_id\": \"0STbW4gLho7lDEYsGY5f0g\",\"share_source\": \"baidu\",\"check_state\": 2,\"check_time\": 1688197664297},\"weiyun#5uUxTTR\": {\"share_id\": \"5uUxTTR\",\"share_source\": \"weiyun\",\"check_state\": -1,\"check_time\": 1688292792032},\"baidu#TI3AkYgn2ccp1754GeJeUQ\": {\"share_id\": \"TI3AkYgn2ccp1754GeJeUQ\",\"share_source\": \"baidu\",\"check_state\": 1,\"check_time\": 1688653365393},\"baidu#5TUCpGDzMtdI0aXTrxJLIQ\": {\"share_id\": \"5TUCpGDzMtdI0aXTrxJLIQ\",\"share_source\": \"baidu\",\"check_state\": 2,\"check_time\": 1688735570443},\"baidu#mgGkNZM\": {\"share_id\": \"mgGkNZM\",\"share_source\": \"baidu\",\"check_state\": 1,\"check_time\": 1688738222276},\"baidu#UVMW2gSABhbv_eHp-HD7MQ\": {\"share_id\": \"UVMW2gSABhbv_eHp-HD7MQ\",\"share_source\": \"baidu\",\"check_state\": 2,\"check_time\": 1688791174641},\"ty189#V7jUFzQZZJjm\": {\"share_id\": \"V7jUFzQZZJjm\",\"share_source\": \"ty189\",\"check_state\": 1,\"check_time\": 1689134520195},\"ty189#UN7N7z63mQZ3\": {\"share_id\": \"UN7N7z63mQZ3\",\"share_source\": \"ty189\",\"check_state\": 1,\"check_time\": 1689134529222},\"baidu#hX00UEEpvrPK4\": {\"share_id\": \"hX00UEEpvrPK4\",\"share_source\": \"baidu\",\"check_state\": -1,\"check_time\": 1689240453116},\"baidu#G8iwOqB_i5qhtZ-VHOm52A\": {\"share_id\": \"G8iwOqB_i5qhtZ-VHOm52A\",\"share_source\": \"baidu\",\"check_state\": 1,\"check_time\": 1689584599502},\"weiyun#mAQNPSpr\": {\"share_id\": \"mAQNPSpr\",\"share_source\": \"weiyun\",\"check_state\": 2,\"check_time\": 1689679681004},\"baidu#w4vnPQwFEsiM9-lXTOg0OQ\": {\"share_id\": \"w4vnPQwFEsiM9-lXTOg0OQ\",\"share_source\": \"baidu\",\"check_state\": 2,\"check_time\": 1689679681350},\"ty189#7ZvaQrYF7ja2\": {\"share_id\": \"7ZvaQrYF7ja2\",\"share_source\": \"ty189\",\"check_state\": 1,\"check_time\": 1689680214620},\"baidu#l0RUPwaUifhfiPXjVfDAuQ\": {\"share_id\": \"l0RUPwaUifhfiPXjVfDAuQ\",\"share_source\": \"baidu\",\"check_state\": 2,\"check_time\": 1689680215937},\"baidu#qSmtBgSEbKs6ZFm-yCr-XQ\": {\"share_id\": \"qSmtBgSEbKs6ZFm-yCr-XQ\",\"share_source\": \"baidu\",\"check_state\": 2,\"check_time\": 1689680215972},\"baidu#BIjHHfi90Oa7Le91Q8gkOg\": {\"share_id\": \"BIjHHfi90Oa7Le91Q8gkOg\",\"share_source\": \"baidu\",\"check_state\": 2,\"check_time\": 1689680215992},\"baidu#qp4q6htRv-Wy5FTdxjcUnw\": {\"share_id\": \"qp4q6htRv-Wy5FTdxjcUnw\",\"share_source\": \"baidu\",\"check_state\": 2,\"check_time\": 1689680216212},\"baidu#eRz5E9YHcziNxXBLS3KayA\": {\"share_id\": \"eRz5E9YHcziNxXBLS3KayA\",\"share_source\": \"baidu\",\"check_state\": 2,\"check_time\": 1689680391121},\"baidu#FdY7ASA58gay5VkBBPGTzA\": {\"share_id\": \"FdY7ASA58gay5VkBBPGTzA\",\"share_source\": \"baidu\",\"check_state\": 2,\"check_time\": 1689689399897},\"baidu#TQDlzkXuym9U64\": {\"share_id\": \"TQDlzkXuym9U64\",\"share_source\": \"baidu\",\"check_state\": -1,\"check_time\": 1689770830284},\"baidu#rFjtqDcOQ2m50ctYtuN4RA\": {\"share_id\": \"rFjtqDcOQ2m50ctYtuN4RA\",\"share_source\": \"baidu\",\"check_state\": 2,\"check_time\": 1689834957521},\"baidu#AERAcSYoQLNjPl3JL_rh-A\": {\"share_id\": \"AERAcSYoQLNjPl3JL_rh-A\",\"share_source\": \"baidu\",\"check_state\": 1,\"check_time\": 1691134192880},\"baidu#nuCc4Al\": {\"share_id\": \"nuCc4Al\",\"share_source\": \"baidu\",\"check_state\": 1,\"check_time\": 1692533963417},\"baidu#bR6n4biXAkINSMBSiyqcTA\": {\"share_id\": \"bR6n4biXAkINSMBSiyqcTA\",\"share_source\": \"baidu\",\"check_state\": 1,\"check_time\": 1691649981063},\"baidu#49rSP6OCl\": {\"share_id\": \"49rSP6OCl\",\"share_source\": \"baidu\",\"check_state\": -1,\"check_time\": 1691649980916},\"ty189#4294967295\": {\"share_id\": \"4294967295\",\"share_source\": \"ty189\",\"check_state\": -1,\"check_time\": 1692106772075},\"baidu#YkJr98Q2qz5GdF-R2ctYng\": {\"share_id\": \"YkJr98Q2qz5GdF-R2ctYng\",\"share_source\": \"baidu\",\"check_state\": 2,\"check_time\": 1692179927777},\"baidu#tDqyveqpXPv3qkpL12c4xg\": {\"share_id\": \"tDqyveqpXPv3qkpL12c4xg\",\"share_source\": \"baidu\",\"check_state\": 2,\"check_time\": 1692180280900}}","$config":"o{\"uid\": \"0rsja7lgoujxzi9kvr52n43qwas1k2ot\"}","$storage":"o{\"version_date\": \"20230821\",\"version_payload\": {\"version\": \"0.2.0\"},\"version_latest\": \"0.2.0\"}"}}