{"ts":1686323041087,"data":{"rwl_userData":"o{\"status\": 1,\"version\": 0.1,\"message\": \"啦啦啦,啦啦啦,我是卖报的小行家\",\"positionTop\": 0,\"positionLeft\": 0,\"positionRight\": \"auto\",\"addBtn\": true,\"connectToTheServer\": false,\"waitUpload\": [],\"currentURL\": \"null\",\"shortcut\": 3,\"rules\": {\"rule_def\": {\"name\": \"default\",\"hook_eventNames\": \"contextmenu|select|selectstart|copy|cut|dragstart|mousemove|beforeunload\",\"unhook_eventNames\": \"mousedown|mouseup|keydown|keyup\",\"dom0\": true,\"hook_addEventListener\": true,\"hook_preventDefault\": true,\"hook_set_returnValue\": true,\"add_css\": true},\"rule_plus\": {\"name\": \"default\",\"hook_eventNames\": \"contextmenu|select|selectstart|copy|cut|dragstart|mousedown|mouseup|mousemove|beforeunload\",\"unhook_eventNames\": \"keydown|keyup\",\"dom0\": true,\"hook_addEventListener\": true,\"hook_preventDefault\": true,\"hook_set_returnValue\": true,\"add_css\": true},\"rule_zhihu\": {\"name\": \"default\",\"hook_eventNames\": \"contextmenu|select|selectstart|copy|cut|dragstart|mousemove\",\"unhook_eventNames\": \"keydown|keyup\",\"dom0\": true,\"hook_addEventListener\": true,\"hook_preventDefault\": true,\"hook_set_returnValue\": true,\"add_css\": true}},\"data\": [\"b.faloo.com\",\"bbs.coocaa.com\",\"book.hjsm.tom.com\",\"book.zhulang.com\",\"book.zongheng.com\",\"chokstick.com\",\"chuangshi.qq.com\",\"city.udn.com\",\"cutelisa55.pixnet.net\",\"huayu.baidu.com\",\"imac.hk\",\"life.tw\",\"luxmuscles.com\",\"news.missevan.com\",\"read.qidian.com\",\"www.15yan.com\",\"www.17k.com\",\"www.18183.com\",\"www.360doc.com\",\"www.coco01.net\",\"www.eyu.com\",\"www.hongshu.com\",\"www.hongxiu.com\",\"www.imooc.com\",\"www.jjwxc.net\",\"www.readnovel.com\",\"www.tadu.com\",\"www.xxsy.net\",\"www.z3z4.com\",\"www.zhihu.com\",\"yuedu.163.com\",\"www.ppkao.com\",\"movie.douban.com\",\"www.ruiwen.com\",\"vipreader.qidian.com\",\"www.pigai.org\",\"www.shangc.net\",\"www.myhtlmebook.com\",\"www.yuque.com\",\"www.longmabookcn.com\",\"www.alphapolis.co.jp\",\"www.sdifen.com\",\"votetw.com\",\"boke112.com\",\"www.myhtebooks.com\",\"www.xiegw.cn\",\"chuangshi.qq.com\",\"www.uta-net.com\",\"www.bimiacg.net\",\"www.dianyuan.com\",\"origenapellido.com\",\"3g.163.com\",\"www.lu-xu.com\",\"leetcode.cn\",\"www.jianbiaoku.com\",\"www.soyoung.com\",\"doc.guandang.net\",\"www.51dongshi.com\",\"m.haodf.com\",\"www.daodoc.com\",\"www.wcqjyw.com\",\"www.szxx.com.cn\"]}"}}