{"options":{"check_for_updates":true,"comment":null,"compat_foreach":false,"compat_metadata":false,"compat_powerful_this":null,"compat_wrappedjsobject":false,"compatopts_for_requires":true,"noframes":null,"override":{"merge_connects":true,"merge_excludes":true,"merge_includes":true,"merge_matches":true,"orig_connects":[],"orig_excludes":[],"orig_includes":[],"orig_matches":["*://lanzou.com/u","*://www.lanzou.com/u","*://www.lanzou.com/account.php*","*://up.woozooo.com/u","*://up.woozooo.com/mydisk.php*","*://pc.woozooo.com/u","*://pc.woozooo.com/mydisk.php*","*://pan.lanzou.com/*","*://*.lanzoub.com/*","*://*.lanzoue.com/*","*://*.lanzouf.com/*","*://*.lanzouh.com/*","*://*.lanzoui.com/*","*://*.lanzouj.com/*","*://*.lanzoul.com/*","*://*.lanzoum.com/*","*://*.lanzouo.com/*","*://*.lanzoup.com/*","*://*.lanzouq.com/*","*://*.lanzout.com/*","*://*.lanzouu.com/*","*://*.lanzouv.com/*","*://*.lanzouw.com/*","*://*.lanzoux.com/*","*://*.lanzouy.com/*"],"orig_noframes":true,"orig_run_at":"document-end","use_blockers":[],"use_connects":[],"use_excludes":[],"use_includes":[],"use_matches":[]},"run_at":null,"sandbox":"JavaScript","tab_types":null,"unwrap":null},"settings":{"enabled":false,"position":16},"meta":{"name":"蓝奏云网盘增强","uuid":"d6caaf4f-deef-4786-8c46-4e7022352ce0","modified":1691657317839,"file_url":"https://greasyfork.org/scripts/419224-%E8%93%9D%E5%A5%8F%E4%BA%91%E7%BD%91%E7%9B%98%E5%A2%9E%E5%BC%BA/code/%E8%93%9D%E5%A5%8F%E4%BA%91%E7%BD%91%E7%9B%98%E5%A2%9E%E5%BC%BA.user.js"}}