{"options":{"check_for_updates":true,"comment":null,"compat_foreach":false,"compat_metadata":false,"compat_powerful_this":null,"compat_wrappedjsobject":false,"compatopts_for_requires":true,"noframes":null,"override":{"merge_connects":true,"merge_excludes":true,"merge_includes":true,"merge_matches":true,"orig_connects":[],"orig_excludes":[],"orig_includes":["*.youku.com/*","*v.qq.com/*","*.sohu.com/*","*.iqiyi.com/*","*.le.com/*","*.tudou.com/*","*.mgtv.com/*","*.acfun.cn/*","*.bilibili.com/*","*.pptv.com/*","*.1905.com/*","*.baofeng.com/*","*.miguvideo.com/*"],"orig_matches":[],"orig_noframes":null,"orig_run_at":"document-idle","use_blockers":[],"use_connects":[],"use_excludes":[],"use_includes":[],"use_matches":[]},"run_at":null,"sandbox":null,"tab_types":null,"unwrap":null},"settings":{"enabled":true,"position":18},"meta":{"name":"非常简洁优酷/爱奇艺/腾讯等会员视频解析","uuid":"0de4ccb3-4b67-4f9e-a041-01853213efc2","modified":1691659413376,"file_url":"https://greasyfork.org/scripts/449203-%E9%9D%9E%E5%B8%B8%E7%AE%80%E6%B4%81%E4%BC%98%E9%85%B7-%E7%88%B1%E5%A5%87%E8%89%BA-%E8%85%BE%E8%AE%AF%E7%AD%89%E4%BC%9A%E5%91%98%E8%A7%86%E9%A2%91%E8%A7%A3%E6%9E%90/code/%E9%9D%9E%E5%B8%B8%E7%AE%80%E6%B4%81%E4%BC%98%E9%85%B7%E7%88%B1%E5%A5%87%E8%89%BA%E8%85%BE%E8%AE%AF%E7%AD%89%E4%BC%9A%E5%91%98%E8%A7%86%E9%A2%91%E8%A7%A3%E6%9E%90.user.js"}}