{"options":{"check_for_updates":true,"comment":null,"compat_foreach":false,"compat_metadata":false,"compat_powerful_this":null,"compat_wrappedjsobject":false,"compatopts_for_requires":true,"noframes":null,"override":{"merge_connects":true,"merge_excludes":true,"merge_includes":true,"merge_matches":true,"orig_connects":["res3.doc88.com"],"orig_excludes":[],"orig_includes":[],"orig_matches":["*://wenku.baidu.com/view/*","*://wenku.baidu.com/share/*","*://wenku.baidu.com/link*","*://wenku.baidu.com/aggs/*","*://wenku.baidu.com/ndPureView/*","*://www.51test.net/show/*","*://www.xuexi.la/*","*://www.xuexila.com/*","*://www.cspengbo.com/*","*://*.doc88.com/*","*://segmentfault.com/*","*://wk.baidu.com/view/*","*://leetcode-cn.com/problems/*","*://*.zhihu.com/*","*://z.30edu.com.cn/*","*://docs.qq.com/doc/*","*://boke112.com/post/*","*://*.yuque.com/*","*://www.commandlinux.com/*","*://*.diyifanwen.com/*","*://*.mbalib.com/*","*://*.cnitpm.com/*","*://bbs.mihoyo.com/ys/*","*://*.ruiwen.com/*","*://www.uemeds.cn/*","*://www.oh100.com/*","*://www.aiyuke.com/news/*","*://www.fwsir.com/*","*://www.wenxm.cn/*","*://www.unjs.com/*","*://www.ahsrst.cn/*","*://*.yjbys.com/*","*://*.qidian.com/*","*://*.zongheng.com/*","*://*.17k.com/*","*://*.ciweimao.com/*","*://book.qq.com/*","*://*.360doc.com/content/*","*://*.850500.com/news/*","*://utaten.com/lyric/*","*://*.jianbiaoku.com/*","*://*.kt250.com/*","*://www.kejudati.com/*","*://*.xiaohongshu.com/discovery/*","*://*.baibeike.com/*","*://*.blog.csdn.net/*","*://*.bilibili.com/read/*","*://*.cnki.net/KXReader/*","*://*.cnrencai.com/*","*://*.kodiplayer.cn/*","*://tongxiehui.net/*","*://*.jianshu.com/p/*","*://*.linovelib.com/novel/*","*://*.wjx.cn/*","*://*.wjx.top/*","*://*.chazidian.com/*","*://*.juejin.cn/post/*","*://*.zgbk.com/ecph/*","*://*.wenmi.com/article/*","*://yuedu.baidu.com/*","*://www.inrrp.com.cn/*","*://fanyi.baidu.com/mtpe/*","*://www.shubaoc.com/*","*://blog.51cto.com/*","*://www.ximalaya.com/*","*://*.tianqi.com/*","*://*.xiexiebang.com/*","*://*.docin.com/*","*://*.ddwk8.cn/*","*://*.php.cn/*","*://cooco.net.cn/*","*://fanqienovel.com/*","*://*.mobiletrain.org/*","*://*.examcoo.com/*","*://*.rrdynb.com/*","*://*.fuwu7.com/*","*://*.xiangqiqipu.com/*","*://note.youdao.com/*","*://*.163.com/*","*://*.aipiaxi.com/*","*://wenku.csdn.net/*"],"orig_noframes":null,"orig_run_at":"document-start","use_blockers":[],"use_connects":[],"use_excludes":[],"use_includes":[],"use_matches":[]},"run_at":null,"sandbox":null,"tab_types":null,"unwrap":null},"settings":{"enabled":false,"position":3},"meta":{"name":"🔥🔥🔥文本选中复制🔥🔥🔥","uuid":"3567eba3-23eb-46c9-ac46-7eafcf9d889a","modified":1691416484455,"file_url":"https://greasyfork.org/scripts/405130-%E6%96%87%E6%9C%AC%E9%80%89%E4%B8%AD%E5%A4%8D%E5%88%B6/code/%F0%9F%94%A5%F0%9F%94%A5%F0%9F%94%A5%E6%96%87%E6%9C%AC%E9%80%89%E4%B8%AD%E5%A4%8D%E5%88%B6%F0%9F%94%A5%F0%9F%94%A5%F0%9F%94%A5.user.js"}}